Workbook

Sheet Guide
B2: 💰 EXPENSE PLANNER PRO · Suivi de dépenses annuel
B3: Votre planner de budget personnel — formules automatiques, design soigné
B5: COMMENT UTILISER CE FICHIER
B7: 1 · Onglet « Revenus » → Saisissez votre revenu mensuel et votre objectif d'épargne.
B8: 2 · Onglets mensuels (Janvier … Décembre) → Entrez uniquement la colonne « Dépensé réel ».
B9: ✦ La colonne Restant, le % et la barre de progression se mettent à jour seuls.
B10: ✦ Le feu tricolore 🟢🟡🔴 indique votre situation au premier coup d'œil.
B11: 3 · Onglet « Dashboard » → Vue d'ensemble annuelle, graphiques et KPIs — rien à remplir.
B13: LÉGENDE DES COULEURS
B15: 🟢 Moins de 80 % du budget utilisé · Vous êtes dans les clous !
B16: 🟡 Entre 80 % et 100 % · Soyez vigilant.
B17: 🔴 Dépassement · Il faut ajuster.
... B25: Bon suivi ! 💚

Sheet Revenus
B2: 💼 REVENUS & ÉPARGNE — Annuel
B3: Mois | C3: Revenus nets | D3: Objectif épargne | E3: Épargne réelle
B4: Janvier | C4: 0 | D4: 0 | E4: =C4-Janvier!C10
B5: Février | C5: 0 | D5: 0 | E5: =C5-Fevrier!C10
B6: Mars | C6: 0 | D6: 0 | E6: =C6-Mars!C10
B7: Avril | C7: 0 | D7: 0 | E7: =C7-Avril!C10
B8: Mai | C8: 0 | D8: 0 | E8: =C8-Mai!C10
B9: Juin | C9: 0 | D9: 0 | E9: =C9-Juin!C10
B10: Juillet | C10: 0 | D10: 0 | E10: =C10-Juillet!C10
B11: Août | C11: 0 | D11: 0 | E11: =C11-Aout!C10
B12: Septembre | C12: 0 | D12: 0 | E12: =C12-Septembre!C10
B13: Octobre | C13: 0 | D13: 0 | E13: =C13-Octobre!C10
B14: Novembre | C14: 0 | D14: 0 | E14: =C14-Novembre!C10
B15: Décembre | C15: 0 | D15: 0 | E15: =C15-Decembre!C10
B16: TOTAL ANNUEL | C16: =SUM(C4:C15) | D16: =SUM(D4:D15) | E16: =SUM(E4:E15)

Sheet Janvier
B2: 📅 JANVIER — Suivi de dépenses
B3: Catégorie | C3: Budget prévu | D3: Dépensé réel | E3: Restant | F3: % utilisé | G3: ▓▓▓▓ Progression | H3: 🚦
B4: 🏠 Logement | C4: 900 | D4: 0 | E4: =C4-D4 | F4: =IF(C4=0,0,D4/C4) | G4: =IF(C4=0,"—",REPT("▓",MIN(20,INT(D4/C4*20)))&REPT("░",MAX(0,20-MIN(20,INT(D4/C4*20))))) | H4: =IF(D4=0,"⬜",IF(D4/C4<0.8,"🟢",IF(D4/C4<=1,"🟡","🔴")))
B5: 🛒 Alimentation | C5: 450 | D5: 0 | E5: =C5-D5 | F5: =IF(C5=0,0,D5/C5) | G5: =IF(C5=0,"—",REPT("▓",MIN(20,INT(D5/C5*20)))&REPT("░",MAX(0,20-MIN(20,INT(D5/C5*20))))) | H5: =IF(D5=0,"⬜",IF(D5/C5<0.8,"🟢",IF(D5/C5<=1,"🟡","🔴")))
B6: 🚗 Transport | C6: 200 | D6: 0 | E6: =C6-D6 | F6: =IF(C6=0,0,D6/C6) | G6: =IF(C6=0,"—",REPT("▓",MIN(20,INT(D6/C6*20)))&REPT("░",MAX(0,20-MIN(20,INT(D6/C6*20))))) | H6: =IF(D6=0,"⬜",IF(D6/C6<0.8,"🟢",IF(D6/C6<=1,"🟡","🔴")))
B7: 💊 Santé | C7: 100 | D7: 0 | E7: =C7-D7 | F7: =IF(C7=0,0,D7/C7) | G7: =IF(C7=0,"—",REPT("▓",MIN(20,INT(D7/C7*20)))&REPT("░",MAX(0,20-MIN(20,INT(D7/C7*20))))) | H7: =IF(D7=0,"⬜",IF(D7/C7<0.8,"🟢",IF(D7/C7<=1,"🟡","🔴")))
B8: 🎮 Loisirs | C8: 150 | D8: 0 | E8: =C8-D8 | F8: =IF(C8=0,0,D8/C8) | G8: =IF(C8=0,"—",REPT("▓",MIN(20,INT(D8/C8*20)))&REPT("░",MAX(0,20-MIN(20,INT(D8/C8*20))))) | H8: =IF(D8=0,"⬜",IF(D8/C8<0.8,"🟢",IF(D8/C8<=1,"🟡","🔴")))
B9: 📱 Abonnements | C9: 60 | D9: 0 | E9: =C9-D9 | F9: =IF(C9=0,0,D9/C9) | G9: =IF(C9=0,"—",REPT("▓",MIN(20,INT(D9/C9*20)))&REPT("░",MAX(0,20-MIN(20,INT(D9/C9*20))))) | H9: =IF(D9=0,"⬜",IF(D9/C9<0.8,"🟢",IF(D9/C9<=1,"🟡","🔴")))
B10: 👗 Shopping | C10: 120 | D10: 0 | E10: =C10-D10 | F10: =IF(C10=0,0,D10/C10) | G10: =IF(C10=0,"—",REPT("▓",MIN(20,INT(D10/C10*20)))&REPT("░",MAX(0,20-MIN(20,INT(D10/C10*20))))) | H10: =IF(D10=0,"⬜",IF(D10/C10<0.8,"🟢",IF(D10/C10<=1,"🟡","🔴")))
B11: 💡 Divers | C11: 80 | D11: 0 | E11: =C11-D11 | F11: =IF(C11=0,0,D11/C11) | G11: =IF(C11=0,"—",REPT("▓",MIN(20,INT(D11/C11*20)))&REPT("░",MAX(0,20-MIN(20,INT(D11/C11*20))))) | H11: =IF(D11=0,"⬜",IF(D11/C11<0.8,"🟢",IF(D11/C11<=1,"🟡","🔴")))
B12: TOTAL | C12: =SUM(C4:C11) | D12: =SUM(D4:D11) | E12: =SUM(E4:E11) | F12: =IF(C12=0,0,D12/C12) | G12: =IF(C12=0,"—",REPT("▓",MIN(20,INT(D12/C12*20)))&REPT("░",MAX(0,20-MIN(20,INT(D12/C12*20))))) | H12: =IF(D12=0,"⬜",IF(D12/C12<0.8,"🟢",IF(D12/C12<=1,"🟡","🔴")))
B14: 💡 Saisissez uniquement la colonne « Dépensé réel » — tout se calcule automatiquement.

Sheet Fevrier
B2: 📅 FÉVRIER — Suivi de dépenses
B3: Catégorie | C3: Budget prévu | D3: Dépensé réel | E3: Restant | F3: % utilisé | G3: ▓▓▓▓ Progression | H3: 🚦
B4: 🏠 Logement | C4: 900 | D4: 0 | E4: =C4-D4 | F4: =IF(C4=0,0,D4/C4) | G4: =IF(C4=0,"—",REPT("▓",MIN(20,INT(D4/C4*20)))&REPT("░",MAX(0,20-MIN(20,INT(D4/C4*20))))) | H4: =IF(D4=0,"⬜",IF(D4/C4<0.8,"🟢",IF(D4/C4<=1,"🟡","🔴")))
B5: 🛒 Alimentation | C5: 450 | D5: 0 | E5: =C5-D5 | F5: =IF(C5=0,0,D5/C5) | G5: =IF(C5=0,"—",REPT("▓",MIN(20,INT(D5/C5*20)))&REPT("░",MAX(0,20-MIN(20,INT(D5/C5*20))))) | H5: =IF(D5=0,"⬜",IF(D5/C5<0.8,"🟢",IF(D5/C5<=1,"🟡","🔴")))
B6: 🚗 Transport | C6: 200 | D6: 0 | E6: =C6-D6 | F6: =IF(C6=0,0,D6/C6) | G6: =IF(C6=0,"—",REPT("▓",MIN(20,INT(D6/C6*20)))&REPT("░",MAX(0,20-MIN(20,INT(D6/C6*20))))) | H6: =IF(D6=0,"⬜",IF(D6/C6<0.8,"🟢",IF(D6/C6<=1,"🟡","🔴")))
B7: 💊 Santé | C7: 100 | D7: 0 | E7: =C7-D7 | F7: =IF(C7=0,0,D7/C7) | G7: =IF(C7=0,"—",REPT("▓",MIN(20,INT(D7/C7*20)))&REPT("░",MAX(0,20-MIN(20,INT(D7/C7*20))))) | H7: =IF(D7=0,"⬜",IF(D7/C7<0.8,"🟢",IF(D7/C7<=1,"🟡","🔴")))
B8: 🎮 Loisirs | C8: 150 | D8: 0 | E8: =C8-D8 | F8: =IF(C8=0,0,D8/C8) | G8: =IF(C8=0,"—",REPT("▓",MIN(20,INT(D8/C8*20)))&REPT("░",MAX(0,20-MIN(20,INT(D8/C8*20))))) | H8: =IF(D8=0,"⬜",IF(D8/C8<0.8,"🟢",IF(D8/C8<=1,"🟡","🔴")))
B9: 📱 Abonnements | C9: 60 | D9: 0 | E9: =C9-D9 | F9: =IF(C9=0,0,D9/C9) | G9: =IF(C9=0,"—",REPT("▓",MIN(20,INT(D9/C9*20)))&REPT("░",MAX(0,20-MIN(20,INT(D9/C9*20))))) | H9: =IF(D9=0,"⬜",IF(D9/C9<0.8,"🟢",IF(D9/C9<=1,"🟡","🔴")))
B10: 👗 Shopping | C10: 120 | D10: 0 | E10: =C10-D10 | F10: =IF(C10=0,0,D10/C10) | G10: =IF(C10=0,"—",REPT("▓",MIN(20,INT(D10/C10*20)))&REPT("░",MAX(0,20-MIN(20,INT(D10/C10*20))))) | H10: =IF(D10=0,"⬜",IF(D10/C10<0.8,"🟢",IF(D10/C10<=1,"🟡","🔴")))
B11: 💡 Divers | C11: 80 | D11: 0 | E11: =C11-D11 | F11: =IF(C11=0,0,D11/C11) | G11: =IF(C11=0,"—",REPT("▓",MIN(20,INT(D11/C11*20)))&REPT("░",MAX(0,20-MIN(20,INT(D11/C11*20))))) | H11: =IF(D11=0,"⬜",IF(D11/C11<0.8,"🟢",IF(D11/C11<=1,"🟡","🔴")))
B12: TOTAL | C12: =SUM(C4:C11) | D12: =SUM(D4:D11) | E12: =SUM(E4:E11) | F12: =IF(C12=0,0,D12/C12) | G12: =IF(C12=0,"—",REPT("▓",MIN(20,INT(D12/C12*20)))&REPT("░",MAX(0,20-MIN(20,INT(D12/C12*20))))) | H12: =IF(D12=0,"⬜",IF(D12/C12<0.8,"🟢",IF(D12/C12<=1,"🟡","🔴")))
B14: 💡 Saisissez uniquement la colonne « Dépensé réel » — tout se calcule automatiquement.

Sheet Mars
B2: 📅 MARS — Suivi de dépenses
B3: Catégorie | C3: Budget prévu | D3: Dépensé réel | E3: Restant | F3: % utilisé | G3: ▓▓▓▓ Progression | H3: 🚦
B4: 🏠 Logement | C4: 900 | D4: 0 | E4: =C4-D4 | F4: =IF(C4=0,0,D4/C4) | G4: =IF(C4=0,"—",REPT("▓",MIN(20,INT(D4/C4*20)))&REPT("░",MAX(0,20-MIN(20,INT(D4/C4*20))))) | H4: =IF(D4=0,"⬜",IF(D4/C4<0.8,"🟢",IF(D4/C4<=1,"🟡","🔴")))
B5: 🛒 Alimentation | C5: 450 | D5: 0 | E5: =C5-D5 | F5: =IF(C5=0,0,D5/C5) | G5: =IF(C5=0,"—",REPT("▓",MIN(20,INT(D5/C5*20)))&REPT("░",MAX(0,20-MIN(20,INT(D5/C5*20))))) | H5: =IF(D5=0,"⬜",IF(D5/C5<0.8,"🟢",IF(D5/C5<=1,"🟡","🔴")))
B6: 🚗 Transport | C6: 200 | D6: 0 | E6: =C6-D6 | F6: =IF(C6=0,0,D6/C6) | G6: =IF(C6=0,"—",REPT("▓",MIN(20,INT(D6/C6*20)))&REPT("░",MAX(0,20-MIN(20,INT(D6/C6*20))))) | H6: =IF(D6=0,"⬜",IF(D6/C6<0.8,"🟢",IF(D6/C6<=1,"🟡","🔴")))
B7: 💊 Santé | C7: 100 | D7: 0 | E7: =C7-D7 | F7: =IF(C7=0,0,D7/C7) | G7: =IF(C7=0,"—",REPT("▓",MIN(20,INT(D7/C7*20)))&REPT("░",MAX(0,20-MIN(20,INT(D7/C7*20))))) | H7: =IF(D7=0,"⬜",IF(D7/C7<0.8,"🟢",IF(D7/C7<=1,"🟡","🔴")))
B8: 🎮 Loisirs | C8: 150 | D8: 0 | E8: =C8-D8 | F8: =IF(C8=0,0,D8/C8) | G8: =IF(C8=0,"—",REPT("▓",MIN(20,INT(D8/C8*20)))&REPT("░",MAX(0,20-MIN(20,INT(D8/C8*20))))) | H8: =IF(D8=0,"⬜",IF(D8/C8<0.8,"🟢",IF(D8/C8<=1,"🟡","🔴")))
B9: 📱 Abonnements | C9: 60 | D9: 0 | E9: =C9-D9 | F9: =IF(C9=0,0,D9/C9) | G9: =IF(C9=0,"—",REPT("▓",MIN(20,INT(D9/C9*20)))&REPT("░",MAX(0,20-MIN(20,INT(D9/C9*20))))) | H9: =IF(D9=0,"⬜",IF(D9/C9<0.8,"🟢",IF(D9/C9<=1,"🟡","🔴")))
B10: 👗 Shopping | C10: 120 | D10: 0 | E10: =C10-D10 | F10: =IF(C10=0,0,D10/C10) | G10: =IF(C10=0,"—",REPT("▓",MIN(20,INT(D10/C10*20)))&REPT("░",MAX(0,20-MIN(20,INT(D10/C10*20))))) | H10: =IF(D10=0,"⬜",IF(D10/C10<0.8,"🟢",IF(D10/C10<=1,"🟡","🔴")))
B11: 💡 Divers | C11: 80 | D11: 0 | E11: =C11-D11 | F11: =IF(C11=0,0,D11/C11) | G11: =IF(C11=0,"—",REPT("▓",MIN(20,INT(D11/C11*20)))&REPT("░",MAX(0,20-MIN(20,INT(D11/C11*20))))) | H11: =IF(D11=0,"⬜",IF(D11/C11<0.8,"🟢",IF(D11/C11<=1,"🟡","🔴")))
B12: TOTAL | C12: =SUM(C4:C11) | D12: =SUM(D4:D11) | E12: =SUM(E4:E11) | F12: =IF(C12=0,0,D12/C12) | G12: =IF(C12=0,"—",REPT("▓",MIN(20,INT(D12/C12*20)))&REPT("░",MAX(0,20-MIN(20,INT(D12/C12*20))))) | H12: =IF(D12=0,"⬜",IF(D12/C12<0.8,"🟢",IF(D12/C12<=1,"🟡","🔴")))
B14: 💡 Saisissez uniquement la colonne « Dépensé réel » — tout se calcule automatiquement.

Sheet Avril
B2: 📅 AVRIL — Suivi de dépenses
B3: Catégorie | C3: Budget prévu | D3: Dépensé réel | E3: Restant | F3: % utilisé | G3: ▓▓▓▓ Progression | H3: 🚦
B4: 🏠 Logement | C4: 900 | D4: 0 | E4: =C4-D4 | F4: =IF(C4=0,0,D4/C4) | G4: =IF(C4=0,"—",REPT("▓",MIN(20,INT(D4/C4*20)))&REPT("░",MAX(0,20-MIN(20,INT(D4/C4*20))))) | H4: =IF(D4=0,"⬜",IF(D4/C4<0.8,"🟢",IF(D4/C4<=1,"🟡","🔴")))
B5: 🛒 Alimentation | C5: 450 | D5: 0 | E5: =C5-D5 | F5: =IF(C5=0,0,D5/C5) | G5: =IF(C5=0,"—",REPT("▓",MIN(20,INT(D5/C5*20)))&REPT("░",MAX(0,20-MIN(20,INT(D5/C5*20))))) | H5: =IF(D5=0,"⬜",IF(D5/C5<0.8,"🟢",IF(D5/C5<=1,"🟡","🔴")))
B6: 🚗 Transport | C6: 200 | D6: 0 | E6: =C6-D6 | F6: =IF(C6=0,0,D6/C6) | G6: =IF(C6=0,"—",REPT("▓",MIN(20,INT(D6/C6*20)))&REPT("░",MAX(0,20-MIN(20,INT(D6/C6*20))))) | H6: =IF(D6=0,"⬜",IF(D6/C6<0.8,"🟢",IF(D6/C6<=1,"🟡","🔴")))
B7: 💊 Santé | C7: 100 | D7: 0 | E7: =C7-D7 | F7: =IF(C7=0,0,D7/C7) | G7: =IF(C7=0,"—",REPT("▓",MIN(20,INT(D7/C7*20)))&REPT("░",MAX(0,20-MIN(20,INT(D7/C7*20))))) | H7: =IF(D7=0,"⬜",IF(D7/C7<0.8,"🟢",IF(D7/C7<=1,"🟡","🔴")))
B8: 🎮 Loisirs | C8: 150 | D8: 0 | E8: =C8-D8 | F8: =IF(C8=0,0,D8/C8) | G8: =IF(C8=0,"—",REPT("▓",MIN(20,INT(D8/C8*20)))&REPT("░",MAX(0,20-MIN(20,INT(D8/C8*20))))) | H8: =IF(D8=0,"⬜",IF(D8/C8<0.8,"🟢",IF(D8/C8<=1,"🟡","🔴")))
B9: 📱 Abonnements | C9: 60 | D9: 0 | E9: =C9-D9 | F9: =IF(C9=0,0,D9/C9) | G9: =IF(C9=0,"—",REPT("▓",MIN(20,INT(D9/C9*20)))&REPT("░",MAX(0,20-MIN(20,INT(D9/C9*20))))) | H9: =IF(D9=0,"⬜",IF(D9/C9<0.8,"🟢",IF(D9/C9<=1,"🟡","🔴")))
B10: 👗 Shopping | C10: 120 | D10: 0 | E10: =C10-D10 | F10: =IF(C10=0,0,D10/C10) | G10: =IF(C10=0,"—",REPT("▓",MIN(20,INT(D10/C10*20)))&REPT("░",MAX(0,20-MIN(20,INT(D10/C10*20))))) | H10: =IF(D10=0,"⬜",IF(D10/C10<0.8,"🟢",IF(D10/C10<=1,"🟡","🔴")))
B11: 💡 Divers | C11: 80 | D11: 0 | E11: =C11-D11 | F11: =IF(C11=0,0,D11/C11) | G11: =IF(C11=0,"—",REPT("▓",MIN(20,INT(D11/C11*20)))&REPT("░",MAX(0,20-MIN(20,INT(D11/C11*20))))) | H11: =IF(D11=0,"⬜",IF(D11/C11<0.8,"🟢",IF(D11/C11<=1,"🟡","🔴")))
B12: TOTAL | C12: =SUM(C4:C11) | D12: =SUM(D4:D11) | E12: =SUM(E4:E11) | F12: =IF(C12=0,0,D12/C12) | G12: =IF(C12=0,"—",REPT("▓",MIN(20,INT(D12/C12*20)))&REPT("░",MAX(0,20-MIN(20,INT(D12/C12*20))))) | H12: =IF(D12=0,"⬜",IF(D12/C12<0.8,"🟢",IF(D12/C12<=1,"🟡","🔴")))
B14: 💡 Saisissez uniquement la colonne « Dépensé réel » — tout se calcule automatiquement.

Sheet Mai
B2: 📅 MAI — Suivi de dépenses
B3: Catégorie | C3: Budget prévu | D3: Dépensé réel | E3: Restant | F3: % utilisé | G3: ▓▓▓▓ Progression | H3: 🚦
B4: 🏠 Logement | C4: 900 | D4: 0 | E4: =C4-D4 | F4: =IF(C4=0,0,D4/C4) | G4: =IF(C4=0,"—",REPT("▓",MIN(20,INT(D4/C4*20)))&REPT("░",MAX(0,20-MIN(20,INT(D4/C4*20))))) | H4: =IF(D4=0,"⬜",IF(D4/C4<0.8,"🟢",IF(D4/C4<=1,"🟡","🔴")))
B5: 🛒 Alimentation | C5: 450 | D5: 0 | E5: =C5-D5 | F5: =IF(C5=0,0,D5/C5) | G5: =IF(C5=0,"—",REPT("▓",MIN(20,INT(D5/C5*20)))&REPT("░",MAX(0,20-MIN(20,INT(D5/C5*20))))) | H5: =IF(D5=0,"⬜",IF(D5/C5<0.8,"🟢",IF(D5/C5<=1,"🟡","🔴")))
B6: 🚗 Transport | C6: 200 | D6: 0 | E6: =C6-D6 | F6: =IF(C6=0,0,D6/C6) | G6: =IF(C6=0,"—",REPT("▓",MIN(20,INT(D6/C6*20)))&REPT("░",MAX(0,20-MIN(20,INT(D6/C6*20))))) | H6: =IF(D6=0,"⬜",IF(D6/C6<0.8,"🟢",IF(D6/C6<=1,"🟡","🔴")))
B7: 💊 Santé | C7: 100 | D7: 0 | E7: =C7-D7 | F7: =IF(C7=0,0,D7/C7) | G7: =IF(C7=0,"—",REPT("▓",MIN(20,INT(D7/C7*20)))&REPT("░",MAX(0,20-MIN(20,INT(D7/C7*20))))) | H7: =IF(D7=0,"⬜",IF(D7/C7<0.8,"🟢",IF(D7/C7<=1,"🟡","🔴")))
B8: 🎮 Loisirs | C8: 150 | D8: 0 | E8: =C8-D8 | F8: =IF(C8=0,0,D8/C8) | G8: =IF(C8=0,"—",REPT("▓",MIN(20,INT(D8/C8*20)))&REPT("░",MAX(0,20-MIN(20,INT(D8/C8*20))))) | H8: =IF(D8=0,"⬜",IF(D8/C8<0.8,"🟢",IF(D8/C8<=1,"🟡","🔴")))
B9: 📱 Abonnements | C9: 60 | D9: 0 | E9: =C9-D9 | F9: =IF(C9=0,0,D9/C9) | G9: =IF(C9=0,"—",REPT("▓",MIN(20,INT(D9/C9*20)))&REPT("░",MAX(0,20-MIN(20,INT(D9/C9*20))))) | H9: =IF(D9=0,"⬜",IF(D9/C9<0.8,"🟢",IF(D9/C9<=1,"🟡","🔴")))
B10: 👗 Shopping | C10: 120 | D10: 0 | E10: =C10-D10 | F10: =IF(C10=0,0,D10/C10) | G10: =IF(C10=0,"—",REPT("▓",MIN(20,INT(D10/C10*20)))&REPT("░",MAX(0,20-MIN(20,INT(D10/C10*20))))) | H10: =IF(D10=0,"⬜",IF(D10/C10<0.8,"🟢",IF(D10/C10<=1,"🟡","🔴")))
B11: 💡 Divers | C11: 80 | D11: 0 | E11: =C11-D11 | F11: =IF(C11=0,0,D11/C11) | G11: =IF(C11=0,"—",REPT("▓",MIN(20,INT(D11/C11*20)))&REPT("░",MAX(0,20-MIN(20,INT(D11/C11*20))))) | H11: =IF(D11=0,"⬜",IF(D11/C11<0.8,"🟢",IF(D11/C11<=1,"🟡","🔴")))
B12: TOTAL | C12: =SUM(C4:C11) | D12: =SUM(D4:D11) | E12: =SUM(E4:E11) | F12: =IF(C12=0,0,D12/C12) | G12: =IF(C12=0,"—",REPT("▓",MIN(20,INT(D12/C12*20)))&REPT("░",MAX(0,20-MIN(20,INT(D12/C12*20))))) | H12: =IF(D12=0,"⬜",IF(D12/C12<0.8,"🟢",IF(D12/C12<=1,"🟡","🔴")))
B14: 💡 Saisissez uniquement la colonne « Dépensé réel » — tout se calcule automatiquement.

Sheet Juin
B2: 📅 JUIN — Suivi de dépenses
B3: Catégorie | C3: Budget prévu | D3: Dépensé réel | E3: Restant | F3: % utilisé | G3: ▓▓▓▓ Progression | H3: 🚦
B4: 🏠 Logement | C4: 900 | D4: 0 | E4: =C4-D4 | F4: =IF(C4=0,0,D4/C4) | G4: =IF(C4=0,"—",REPT("▓",MIN(20,INT(D4/C4*20)))&REPT("░",MAX(0,20-MIN(20,INT(D4/C4*20))))) | H4: =IF(D4=0,"⬜",IF(D4/C4<0.8,"🟢",IF(D4/C4<=1,"🟡","🔴")))
B5: 🛒 Alimentation | C5: 450 | D5: 0 | E5: =C5-D5 | F5: =IF(C5=0,0,D5/C5) | G5: =IF(C5=0,"—",REPT("▓",MIN(20,INT(D5/C5*20)))&REPT("░",MAX(0,20-MIN(20,INT(D5/C5*20))))) | H5: =IF(D5=0,"⬜",IF(D5/C5<0.8,"🟢",IF(D5/C5<=1,"🟡","🔴")))
B6: 🚗 Transport | C6: 200 | D6: 0 | E6: =C6-D6 | F6: =IF(C6=0,0,D6/C6) | G6: =IF(C6=0,"—",REPT("▓",MIN(20,INT(D6/C6*20)))&REPT("░",MAX(0,20-MIN(20,INT(D6/C6*20))))) | H6: =IF(D6=0,"⬜",IF(D6/C6<0.8,"🟢",IF(D6/C6<=1,"🟡","🔴")))
B7: 💊 Santé | C7: 100 | D7: 0 | E7: =C7-D7 | F7: =IF(C7=0,0,D7/C7) | G7: =IF(C7=0,"—",REPT("▓",MIN(20,INT(D7/C7*20)))&REPT("░",MAX(0,20-MIN(20,INT(D7/C7*20))))) | H7: =IF(D7=0,"⬜",IF(D7/C7<0.8,"🟢",IF(D7/C7<=1,"🟡","🔴")))
B8: 🎮 Loisirs | C8: 150 | D8: 0 | E8: =C8-D8 | F8: =IF(C8=0,0,D8/C8) | G8: =IF(C8=0,"—",REPT("▓",MIN(20,INT(D8/C8*20)))&REPT("░",MAX(0,20-MIN(20,INT(D8/C8*20))))) | H8: =IF(D8=0,"⬜",IF(D8/C8<0.8,"🟢",IF(D8/C8<=1,"🟡","🔴")))
B9: 📱 Abonnements | C9: 60 | D9: 0 | E9: =C9-D9 | F9: =IF(C9=0,0,D9/C9) | G9: =IF(C9=0,"—",REPT("▓",MIN(20,INT(D9/C9*20)))&REPT("░",MAX(0,20-MIN(20,INT(D9/C9*20))))) | H9: =IF(D9=0,"⬜",IF(D9/C9<0.8,"🟢",IF(D9/C9<=1,"🟡","🔴")))
B10: 👗 Shopping | C10: 120 | D10: 0 | E10: =C10-D10 | F10: =IF(C10=0,0,D10/C10) | G10: =IF(C10=0,"—",REPT("▓",MIN(20,INT(D10/C10*20)))&REPT("░",MAX(0,20-MIN(20,INT(D10/C10*20))))) | H10: =IF(D10=0,"⬜",IF(D10/C10<0.8,"🟢",IF(D10/C10<=1,"🟡","🔴")))
B11: 💡 Divers | C11: 80 | D11: 0 | E11: =C11-D11 | F11: =IF(C11=0,0,D11/C11) | G11: =IF(C11=0,"—",REPT("▓",MIN(20,INT(D11/C11*20)))&REPT("░",MAX(0,20-MIN(20,INT(D11/C11*20))))) | H11: =IF(D11=0,"⬜",IF(D11/C11<0.8,"🟢",IF(D11/C11<=1,"🟡","🔴")))
B12: TOTAL | C12: =SUM(C4:C11) | D12: =SUM(D4:D11) | E12: =SUM(E4:E11) | F12: =IF(C12=0,0,D12/C12) | G12: =IF(C12=0,"—",REPT("▓",MIN(20,INT(D12/C12*20)))&REPT("░",MAX(0,20-MIN(20,INT(D12/C12*20))))) | H12: =IF(D12=0,"⬜",IF(D12/C12<0.8,"🟢",IF(D12/C12<=1,"🟡","🔴")))
B14: 💡 Saisissez uniquement la colonne « Dépensé réel » — tout se calcule automatiquement.

Sheet Juillet
B2: 📅 JUILLET — Suivi de dépenses
B3: Catégorie | C3: Budget prévu | D3: Dépensé réel | E3: Restant | F3: % utilisé | G3: ▓▓▓▓ Progression | H3: 🚦
B4: 🏠 Logement | C4: 900 | D4: 0 | E4: =C4-D4 | F4: =IF(C4=0,0,D4/C4) | G4: =IF(C4=0,"—",REPT("▓",MIN(20,INT(D4/C4*20)))&REPT("░",MAX(0,20-MIN(20,INT(D4/C4*20))))) | H4: =IF(D4=0,"⬜",IF(D4/C4<0.8,"🟢",IF(D4/C4<=1,"🟡","🔴")))
B5: 🛒 Alimentation | C5: 450 | D5: 0 | E5: =C5-D5 | F5: =IF(C5=0,0,D5/C5) | G5: =IF(C5=0,"—",REPT("▓",MIN(20,INT(D5/C5*20)))&REPT("░",MAX(0,20-MIN(20,INT(D5/C5*20))))) | H5: =IF(D5=0,"⬜",IF(D5/C5<0.8,"🟢",IF(D5/C5<=1,"🟡","🔴")))
B6: 🚗 Transport | C6: 200 | D6: 0 | E6: =C6-D6 | F6: =IF(C6=0,0,D6/C6) | G6: =IF(C6=0,"—",REPT("▓",MIN(20,INT(D6/C6*20)))&REPT("░",MAX(0,20-MIN(20,INT(D6/C6*20))))) | H6: =IF(D6=0,"⬜",IF(D6/C6<0.8,"🟢",IF(D6/C6<=1,"🟡","🔴")))
B7: 💊 Santé | C7: 100 | D7: 0 | E7: =C7-D7 | F7: =IF(C7=0,0,D7/C7) | G7: =IF(C7=0,"—",REPT("▓",MIN(20,INT(D7/C7*20)))&REPT("░",MAX(0,20-MIN(20,INT(D7/C7*20))))) | H7: =IF(D7=0,"⬜",IF(D7/C7<0.8,"🟢",IF(D7/C7<=1,"🟡","🔴")))
B8: 🎮 Loisirs | C8: 150 | D8: 0 | E8: =C8-D8 | F8: =IF(C8=0,0,D8/C8) | G8: =IF(C8=0,"—",REPT("▓",MIN(20,INT(D8/C8*20)))&REPT("░",MAX(0,20-MIN(20,INT(D8/C8*20))))) | H8: =IF(D8=0,"⬜",IF(D8/C8<0.8,"🟢",IF(D8/C8<=1,"🟡","🔴")))
B9: 📱 Abonnements | C9: 60 | D9: 0 | E9: =C9-D9 | F9: =IF(C9=0,0,D9/C9) | G9: =IF(C9=0,"—",REPT("▓",MIN(20,INT(D9/C9*20)))&REPT("░",MAX(0,20-MIN(20,INT(D9/C9*20))))) | H9: =IF(D9=0,"⬜",IF(D9/C9<0.8,"🟢",IF(D9/C9<=1,"🟡","🔴")))
B10: 👗 Shopping | C10: 120 | D10: 0 | E10: =C10-D10 | F10: =IF(C10=0,0,D10/C10) | G10: =IF(C10=0,"—",REPT("▓",MIN(20,INT(D10/C10*20)))&REPT("░",MAX(0,20-MIN(20,INT(D10/C10*20))))) | H10: =IF(D10=0,"⬜",IF(D10/C10<0.8,"🟢",IF(D10/C10<=1,"🟡","🔴")))
B11: 💡 Divers | C11: 80 | D11: 0 | E11: =C11-D11 | F11: =IF(C11=0,0,D11/C11) | G11: =IF(C11=0,"—",REPT("▓",MIN(20,INT(D11/C11*20)))&REPT("░",MAX(0,20-MIN(20,INT(D11/C11*20))))) | H11: =IF(D11=0,"⬜",IF(D11/C11<0.8,"🟢",IF(D11/C11<=1,"🟡","🔴")))
B12: TOTAL | C12: =SUM(C4:C11) | D12: =SUM(D4:D11) | E12: =SUM(E4:E11) | F12: =IF(C12=0,0,D12/C12) | G12: =IF(C12=0,"—",REPT("▓",MIN(20,INT(D12/C12*20)))&REPT("░",MAX(0,20-MIN(20,INT(D12/C12*20))))) | H12: =IF(D12=0,"⬜",IF(D12/C12<0.8,"🟢",IF(D12/C12<=1,"🟡","🔴")))
B14: 💡 Saisissez uniquement la colonne « Dépensé réel » — tout se calcule automatiquement.

Sheet Aout
B2: 📅 AOÛT — Suivi de dépenses
B3: Catégorie | C3: Budget prévu | D3: Dépensé réel | E3: Restant | F3: % utilisé | G3: ▓▓▓▓ Progression | H3: 🚦
B4: 🏠 Logement | C4: 900 | D4: 0 | E4: =C4-D4 | F4: =IF(C4=0,0,D4/C4) | G4: =IF(C4=0,"—",REPT("▓",MIN(20,INT(D4/C4*20)))&REPT("░",MAX(0,20-MIN(20,INT(D4/C4*20))))) | H4: =IF(D4=0,"⬜",IF(D4/C4<0.8,"🟢",IF(D4/C4<=1,"🟡","🔴")))
B5: 🛒 Alimentation | C5: 450 | D5: 0 | E5: =C5-D5 | F5: =IF(C5=0,0,D5/C5) | G5: =IF(C5=0,"—",REPT("▓",MIN(20,INT(D5/C5*20)))&REPT("░",MAX(0,20-MIN(20,INT(D5/C5*20))))) | H5: =IF(D5=0,"⬜",IF(D5/C5<0.8,"🟢",IF(D5/C5<=1,"🟡","🔴")))
B6: 🚗 Transport | C6: 200 | D6: 0 | E6: =C6-D6 | F6: =IF(C6=0,0,D6/C6) | G6: =IF(C6=0,"—",REPT("▓",MIN(20,INT(D6/C6*20)))&REPT("░",MAX(0,20-MIN(20,INT(D6/C6*20))))) | H6: =IF(D6=0,"⬜",IF(D6/C6<0.8,"🟢",IF(D6/C6<=1,"🟡","🔴")))
B7: 💊 Santé | C7: 100 | D7: 0 | E7: =C7-D7 | F7: =IF(C7=0,0,D7/C7) | G7: =IF(C7=0,"—",REPT("▓",MIN(20,INT(D7/C7*20)))&REPT("░",MAX(0,20-MIN(20,INT(D7/C7*20))))) | H7: =IF(D7=0,"⬜",IF(D7/C7<0.8,"🟢",IF(D7/C7<=1,"🟡","🔴")))
B8: 🎮 Loisirs | C8: 150 | D8: 0 | E8: =C8-D8 | F8: =IF(C8=0,0,D8/C8) | G8: =IF(C8=0,"—",REPT("▓",MIN(20,INT(D8/C8*20)))&REPT("░",MAX(0,20-MIN(20,INT(D8/C8*20))))) | H8: =IF(D8=0,"⬜",IF(D8/C8<0.8,"🟢",IF(D8/C8<=1,"🟡","🔴")))
B9: 📱 Abonnements | C9: 60 | D9: 0 | E9: =C9-D9 | F9: =IF(C9=0,0,D9/C9) | G9: =IF(C9=0,"—",REPT("▓",MIN(20,INT(D9/C9*20)))&REPT("░",MAX(0,20-MIN(20,INT(D9/C9*20))))) | H9: =IF(D9=0,"⬜",IF(D9/C9<0.8,"🟢",IF(D9/C9<=1,"🟡","🔴")))
B10: 👗 Shopping | C10: 120 | D10: 0 | E10: =C10-D10 | F10: =IF(C10=0,0,D10/C10) | G10: =IF(C10=0,"—",REPT("▓",MIN(20,INT(D10/C10*20)))&REPT("░",MAX(0,20-MIN(20,INT(D10/C10*20))))) | H10: =IF(D10=0,"⬜",IF(D10/C10<0.8,"🟢",IF(D10/C10<=1,"🟡","🔴")))
B11: 💡 Divers | C11: 80 | D11: 0 | E11: =C11-D11 | F11: =IF(C11=0,0,D11/C11) | G11: =IF(C11=0,"—",REPT("▓",MIN(20,INT(D11/C11*20)))&REPT("░",MAX(0,20-MIN(20,INT(D11/C11*20))))) | H11: =IF(D11=0,"⬜",IF(D11/C11<0.8,"🟢",IF(D11/C11<=1,"🟡","🔴")))
B12: TOTAL | C12: =SUM(C4:C11) | D12: =SUM(D4:D11) | E12: =SUM(E4:E11) | F12: =IF(C12=0,0,D12/C12) | G12: =IF(C12=0,"—",REPT("▓",MIN(20,INT(D12/C12*20)))&REPT("░",MAX(0,20-MIN(20,INT(D12/C12*20))))) | H12: =IF(D12=0,"⬜",IF(D12/C12<0.8,"🟢",IF(D12/C12<=1,"🟡","🔴")))
B14: 💡 Saisissez uniquement la colonne « Dépensé réel » — tout se calcule automatiquement.

Sheet Septembre
B2: 📅 SEPTEMBRE — Suivi de dépenses
B3: Catégorie | C3: Budget prévu | D3: Dépensé réel | E3: Restant | F3: % utilisé | G3: ▓▓▓▓ Progression | H3: 🚦
B4: 🏠 Logement | C4: 900 | D4: 0 | E4: =C4-D4 | F4: =IF(C4=0,0,D4/C4) | G4: =IF(C4=0,"—",REPT("▓",MIN(20,INT(D4/C4*20)))&REPT("░",MAX(0,20-MIN(20,INT(D4/C4*20))))) | H4: =IF(D4=0,"⬜",IF(D4/C4<0.8,"🟢",IF(D4/C4<=1,"🟡","🔴")))
B5: 🛒 Alimentation | C5: 450 | D5: 0 | E5: =C5-D5 | F5: =IF(C5=0,0,D5/C5) | G5: =IF(C5=0,"—",REPT("▓",MIN(20,INT(D5/C5*20)))&REPT("░",MAX(0,20-MIN(20,INT(D5/C5*20))))) | H5: =IF(D5=0,"⬜",IF(D5/C5<0.8,"🟢",IF(D5/C5<=1,"🟡","🔴")))
B6: 🚗 Transport | C6: 200 | D6: 0 | E6: =C6-D6 | F6: =IF(C6=0,0,D6/C6) | G6: =IF(C6=0,"—",REPT("▓",MIN(20,INT(D6/C6*20)))&REPT("░",MAX(0,20-MIN(20,INT(D6/C6*20))))) | H6: =IF(D6=0,"⬜",IF(D6/C6<0.8,"🟢",IF(D6/C6<=1,"🟡","🔴")))
B7: 💊 Santé | C7: 100 | D7: 0 | E7: =C7-D7 | F7: =IF(C7=0,0,D7/C7) | G7: =IF(C7=0,"—",REPT("▓",MIN(20,INT(D7/C7*20)))&REPT("░",MAX(0,20-MIN(20,INT(D7/C7*20))))) | H7: =IF(D7=0,"⬜",IF(D7/C7<0.8,"🟢",IF(D7/C7<=1,"🟡","🔴")))
B8: 🎮 Loisirs | C8: 150 | D8: 0 | E8: =C8-D8 | F8: =IF(C8=0,0,D8/C8) | G8: =IF(C8=0,"—",REPT("▓",MIN(20,INT(D8/C8*20)))&REPT("░",MAX(0,20-MIN(20,INT(D8/C8*20))))) | H8: =IF(D8=0,"⬜",IF(D8/C8<0.8,"🟢",IF(D8/C8<=1,"🟡","🔴")))
B9: 📱 Abonnements | C9: 60 | D9: 0 | E9: =C9-D9 | F9: =IF(C9=0,0,D9/C9) | G9: =IF(C9=0,"—",REPT("▓",MIN(20,INT(D9/C9*20)))&REPT("░",MAX(0,20-MIN(20,INT(D9/C9*20))))) | H9: =IF(D9=0,"⬜",IF(D9/C9<0.8,"🟢",IF(D9/C9<=1,"🟡","🔴")))
B10: 👗 Shopping | C10: 120 | D10: 0 | E10: =C10-D10 | F10: =IF(C10=0,0,D10/C10) | G10: =IF(C10=0,"—",REPT("▓",MIN(20,INT(D10/C10*20)))&REPT("░",MAX(0,20-MIN(20,INT(D10/C10*20))))) | H10: =IF(D10=0,"⬜",IF(D10/C10<0.8,"🟢",IF(D10/C10<=1,"🟡","🔴")))
B11: 💡 Divers | C11: 80 | D11: 0 | E11: =C11-D11 | F11: =IF(C11=0,0,D11/C11) | G11: =IF(C11=0,"—",REPT("▓",MIN(20,INT(D11/C11*20)))&REPT("░",MAX(0,20-MIN(20,INT(D11/C11*20))))) | H11: =IF(D11=0,"⬜",IF(D11/C11<0.8,"🟢",IF(D11/C11<=1,"🟡","🔴")))
B12: TOTAL | C12: =SUM(C4:C11) | D12: =SUM(D4:D11) | E12: =SUM(E4:E11) | F12: =IF(C12=0,0,D12/C12) | G12: =IF(C12=0,"—",REPT("▓",MIN(20,INT(D12/C12*20)))&REPT("░",MAX(0,20-MIN(20,INT(D12/C12*20))))) | H12: =IF(D12=0,"⬜",IF(D12/C12<0.8,"🟢",IF(D12/C12<=1,"🟡","🔴")))
B14: 💡 Saisissez uniquement la colonne « Dépensé réel » — tout se calcule automatiquement.

Sheet Octobre
B2: 📅 OCTOBRE — Suivi de dépenses
B3: Catégorie | C3: Budget prévu | D3: Dépensé réel | E3: Restant | F3: % utilisé | G3: ▓▓▓▓ Progression | H3: 🚦
B4: 🏠 Logement | C4: 900 | D4: 0 | E4: =C4-D4 | F4: =IF(C4=0,0,D4/C4) | G4: =IF(C4=0,"—",REPT("▓",MIN(20,INT(D4/C4*20)))&REPT("░",MAX(0,20-MIN(20,INT(D4/C4*20))))) | H4: =IF(D4=0,"⬜",IF(D4/C4<0.8,"🟢",IF(D4/C4<=1,"🟡","🔴")))
B5: 🛒 Alimentation | C5: 450 | D5: 0 | E5: =C5-D5 | F5: =IF(C5=0,0,D5/C5) | G5: =IF(C5=0,"—",REPT("▓",MIN(20,INT(D5/C5*20)))&REPT("░",MAX(0,20-MIN(20,INT(D5/C5*20))))) | H5: =IF(D5=0,"⬜",IF(D5/C5<0.8,"🟢",IF(D5/C5<=1,"🟡","🔴")))
B6: 🚗 Transport | C6: 200 | D6: 0 | E6: =C6-D6 | F6: =IF(C6=0,0,D6/C6) | G6: =IF(C6=0,"—",REPT("▓",MIN(20,INT(D6/C6*20)))&REPT("░",MAX(0,20-MIN(20,INT(D6/C6*20))))) | H6: =IF(D6=0,"⬜",IF(D6/C6<0.8,"🟢",IF(D6/C6<=1,"🟡","🔴")))
B7: 💊 Santé | C7: 100 | D7: 0 | E7: =C7-D7 | F7: =IF(C7=0,0,D7/C7) | G7: =IF(C7=0,"—",REPT("▓",MIN(20,INT(D7/C7*20)))&REPT("░",MAX(0,20-MIN(20,INT(D7/C7*20))))) | H7: =IF(D7=0,"⬜",IF(D7/C7<0.8,"🟢",IF(D7/C7<=1,"🟡","🔴")))
B8: 🎮 Loisirs | C8: 150 | D8: 0 | E8: =C8-D8 | F8: =IF(C8=0,0,D8/C8) | G8: =IF(C8=0,"—",REPT("▓",MIN(20,INT(D8/C8*20)))&REPT("░",MAX(0,20-MIN(20,INT(D8/C8*20))))) | H8: =IF(D8=0,"⬜",IF(D8/C8<0.8,"🟢",IF(D8/C8<=1,"🟡","🔴")))
B9: 📱 Abonnements | C9: 60 | D9: 0 | E9: =C9-D9 | F9: =IF(C9=0,0,D9/C9) | G9: =IF(C9=0,"—",REPT("▓",MIN(20,INT(D9/C9*20)))&REPT("░",MAX(0,20-MIN(20,INT(D9/C9*20))))) | H9: =IF(D9=0,"⬜",IF(D9/C9<0.8,"🟢",IF(D9/C9<=1,"🟡","🔴")))
B10: 👗 Shopping | C10: 120 | D10: 0 | E10: =C10-D10 | F10: =IF(C10=0,0,D10/C10) | G10: =IF(C10=0,"—",REPT("▓",MIN(20,INT(D10/C10*20)))&REPT("░",MAX(0,20-MIN(20,INT(D10/C10*20))))) | H10: =IF(D10=0,"⬜",IF(D10/C10<0.8,"🟢",IF(D10/C10<=1,"🟡","🔴")))
B11: 💡 Divers | C11: 80 | D11: 0 | E11: =C11-D11 | F11: =IF(C11=0,0,D11/C11) | G11: =IF(C11=0,"—",REPT("▓",MIN(20,INT(D11/C11*20)))&REPT("░",MAX(0,20-MIN(20,INT(D11/C11*20))))) | H11: =IF(D11=0,"⬜",IF(D11/C11<0.8,"🟢",IF(D11/C11<=1,"🟡","🔴")))
B12: TOTAL | C12: =SUM(C4:C11) | D12: =SUM(D4:D11) | E12: =SUM(E4:E11) | F12: =IF(C12=0,0,D12/C12) | G12: =IF(C12=0,"—",REPT("▓",MIN(20,INT(D12/C12*20)))&REPT("░",MAX(0,20-MIN(20,INT(D12/C12*20))))) | H12: =IF(D12=0,"⬜",IF(D12/C12<0.8,"🟢",IF(D12/C12<=1,"🟡","🔴")))
B14: 💡 Saisissez uniquement la colonne « Dépensé réel » — tout se calcule automatiquement.

Sheet Novembre
B2: 📅 NOVEMBRE — Suivi de dépenses
B3: Catégorie | C3: Budget prévu | D3: Dépensé réel | E3: Restant | F3: % utilisé | G3: ▓▓▓▓ Progression | H3: 🚦
B4: 🏠 Logement | C4: 900 | D4: 0 | E4: =C4-D4 | F4: =IF(C4=0,0,D4/C4) | G4: =IF(C4=0,"—",REPT("▓",MIN(20,INT(D4/C4*20)))&REPT("░",MAX(0,20-MIN(20,INT(D4/C4*20))))) | H4: =IF(D4=0,"⬜",IF(D4/C4<0.8,"🟢",IF(D4/C4<=1,"🟡","🔴")))
B5: 🛒 Alimentation | C5: 450 | D5: 0 | E5: =C5-D5 | F5: =IF(C5=0,0,D5/C5) | G5: =IF(C5=0,"—",REPT("▓",MIN(20,INT(D5/C5*20)))&REPT("░",MAX(0,20-MIN(20,INT(D5/C5*20))))) | H5: =IF(D5=0,"⬜",IF(D5/C5<0.8,"🟢",IF(D5/C5<=1,"🟡","🔴")))
B6: 🚗 Transport | C6: 200 | D6: 0 | E6: =C6-D6 | F6: =IF(C6=0,0,D6/C6) | G6: =IF(C6=0,"—",REPT("▓",MIN(20,INT(D6/C6*20)))&REPT("░",MAX(0,20-MIN(20,INT(D6/C6*20))))) | H6: =IF(D6=0,"⬜",IF(D6/C6<0.8,"🟢",IF(D6/C6<=1,"🟡","🔴")))
B7: 💊 Santé | C7: 100 | D7: 0 | E7: =C7-D7 | F7: =IF(C7=0,0,D7/C7) | G7: =IF(C7=0,"—",REPT("▓",MIN(20,INT(D7/C7*20)))&REPT("░",MAX(0,20-MIN(20,INT(D7/C7*20))))) | H7: =IF(D7=0,"⬜",IF(D7/C7<0.8,"🟢",IF(D7/C7<=1,"🟡","🔴")))
B8: 🎮 Loisirs | C8: 150 | D8: 0 | E8: =C8-D8 | F8: =IF(C8=0,0,D8/C8) | G8: =IF(C8=0,"—",REPT("▓",MIN(20,INT(D8/C8*20)))&REPT("░",MAX(0,20-MIN(20,INT(D8/C8*20))))) | H8: =IF(D8=0,"⬜",IF(D8/C8<0.8,"🟢",IF(D8/C8<=1,"🟡","🔴")))
B9: 📱 Abonnements | C9: 60 | D9: 0 | E9: =C9-D9 | F9: =IF(C9=0,0,D9/C9) | G9: =IF(C9=0,"—",REPT("▓",MIN(20,INT(D9/C9*20)))&REPT("░",MAX(0,20-MIN(20,INT(D9/C9*20))))) | H9: =IF(D9=0,"⬜",IF(D9/C9<0.8,"🟢",IF(D9/C9<=1,"🟡","🔴")))
B10: 👗 Shopping | C10: 120 | D10: 0 | E10: =C10-D10 | F10: =IF(C10=0,0,D10/C10) | G10: =IF(C10=0,"—",REPT("▓",MIN(20,INT(D10/C10*20)))&REPT("░",MAX(0,20-MIN(20,INT(D10/C10*20))))) | H10: =IF(D10=0,"⬜",IF(D10/C10<0.8,"🟢",IF(D10/C10<=1,"🟡","🔴")))
B11: 💡 Divers | C11: 80 | D11: 0 | E11: =C11-D11 | F11: =IF(C11=0,0,D11/C11) | G11: =IF(C11=0,"—",REPT("▓",MIN(20,INT(D11/C11*20)))&REPT("░",MAX(0,20-MIN(20,INT(D11/C11*20))))) | H11: =IF(D11=0,"⬜",IF(D11/C11<0.8,"🟢",IF(D11/C11<=1,"🟡","🔴")))
B12: TOTAL | C12: =SUM(C4:C11) | D12: =SUM(D4:D11) | E12: =SUM(E4:E11) | F12: =IF(C12=0,0,D12/C12) | G12: =IF(C12=0,"—",REPT("▓",MIN(20,INT(D12/C12*20)))&REPT("░",MAX(0,20-MIN(20,INT(D12/C12*20))))) | H12: =IF(D12=0,"⬜",IF(D12/C12<0.8,"🟢",IF(D12/C12<=1,"🟡","🔴")))
B14: 💡 Saisissez uniquement la colonne « Dépensé réel » — tout se calcule automatiquement.

Sheet Decembre
B2: 📅 DÉCEMBRE — Suivi de dépenses
B3: Catégorie | C3: Budget prévu | D3: Dépensé réel | E3: Restant | F3: % utilisé | G3: ▓▓▓▓ Progression | H3: 🚦
B4: 🏠 Logement | C4: 900 | D4: 0 | E4: =C4-D4 | F4: =IF(C4=0,0,D4/C4) | G4: =IF(C4=0,"—",REPT("▓",MIN(20,INT(D4/C4*20)))&REPT("░",MAX(0,20-MIN(20,INT(D4/C4*20))))) | H4: =IF(D4=0,"⬜",IF(D4/C4<0.8,"🟢",IF(D4/C4<=1,"🟡","🔴")))
B5: 🛒 Alimentation | C5: 450 | D5: 0 | E5: =C5-D5 | F5: =IF(C5=0,0,D5/C5) | G5: =IF(C5=0,"—",REPT("▓",MIN(20,INT(D5/C5*20)))&REPT("░",MAX(0,20-MIN(20,INT(D5/C5*20))))) | H5: =IF(D5=0,"⬜",IF(D5/C5<0.8,"🟢",IF(D5/C5<=1,"🟡","🔴")))
B6: 🚗 Transport | C6: 200 | D6: 0 | E6: =C6-D6 | F6: =IF(C6=0,0,D6/C6) | G6: =IF(C6=0,"—",REPT("▓",MIN(20,INT(D6/C6*20)))&REPT("░",MAX(0,20-MIN(20,INT(D6/C6*20))))) | H6: =IF(D6=0,"⬜",IF(D6/C6<0.8,"🟢",IF(D6/C6<=1,"🟡","🔴")))
B7: 💊 Santé | C7: 100 | D7: 0 | E7: =C7-D7 | F7: =IF(C7=0,0,D7/C7) | G7: =IF(C7=0,"—",REPT("▓",MIN(20,INT(D7/C7*20)))&REPT("░",MAX(0,20-MIN(20,INT(D7/C7*20))))) | H7: =IF(D7=0,"⬜",IF(D7/C7<0.8,"🟢",IF(D7/C7<=1,"🟡","🔴")))
B8: 🎮 Loisirs | C8: 150 | D8: 0 | E8: =C8-D8 | F8: =IF(C8=0,0,D8/C8) | G8: =IF(C8=0,"—",REPT("▓",MIN(20,INT(D8/C8*20)))&REPT("░",MAX(0,20-MIN(20,INT(D8/C8*20))))) | H8: =IF(D8=0,"⬜",IF(D8/C8<0.8,"🟢",IF(D8/C8<=1,"🟡","🔴")))
B9: 📱 Abonnements | C9: 60 | D9: 0 | E9: =C9-D9 | F9: =IF(C9=0,0,D9/C9) | G9: =IF(C9=0,"—",REPT("▓",MIN(20,INT(D9/C9*20)))&REPT("░",MAX(0,20-MIN(20,INT(D9/C9*20))))) | H9: =IF(D9=0,"⬜",IF(D9/C9<0.8,"🟢",IF(D9/C9<=1,"🟡","🔴")))
B10: 👗 Shopping | C10: 120 | D10: 0 | E10: =C10-D10 | F10: =IF(C10=0,0,D10/C10) | G10: =IF(C10=0,"—",REPT("▓",MIN(20,INT(D10/C10*20)))&REPT("░",MAX(0,20-MIN(20,INT(D10/C10*20))))) | H10: =IF(D10=0,"⬜",IF(D10/C10<0.8,"🟢",IF(D10/C10<=1,"🟡","🔴")))
B11: 💡 Divers | C11: 80 | D11: 0 | E11: =C11-D11 | F11: =IF(C11=0,0,D11/C11) | G11: =IF(C11=0,"—",REPT("▓",MIN(20,INT(D11/C11*20)))&REPT("░",MAX(0,20-MIN(20,INT(D11/C11*20))))) | H11: =IF(D11=0,"⬜",IF(D11/C11<0.8,"🟢",IF(D11/C11<=1,"🟡","🔴")))
B12: TOTAL | C12: =SUM(C4:C11) | D12: =SUM(D4:D11) | E12: =SUM(E4:E11) | F12: =IF(C12=0,0,D12/C12) | G12: =IF(C12=0,"—",REPT("▓",MIN(20,INT(D12/C12*20)))&REPT("░",MAX(0,20-MIN(20,INT(D12/C12*20))))) | H12: =IF(D12=0,"⬜",IF(D12/C12<0.8,"🟢",IF(D12/C12<=1,"🟡","🔴")))
B14: 💡 Saisissez uniquement la colonne « Dépensé réel » — tout se calcule automatiquement.

Sheet Dashboard
B2: 💰 EXPENSE PLANNER PRO — Vue d'ensemble annuelle
B3: Toutes les données ci-dessous sont automatiques — aucune saisie nécessaire
B5: 📊 INDICATEURS CLÉS
B7: 💼 Revenus annuels | E7: 📅 Budget annuel | H7: 💸 Total dépensé
B8: =Revenus!C18 | E8: =SUM(Janvier!C12,Fevrier!C12,Mars!C12,Avril!C12,Mai!C12,Juin!C12,Juillet!C12,Aout!C12,Septembre!C12,Octobre!C12,Novembre!C12,Decembre!C12) | H8: =SUM(Janvier!D12,Fevrier!D12,Mars!D12,Avril!D12,Mai!D12,Juin!D12,Juillet!D12,Aout!D12,Septembre!D12,Octobre!D12,Novembre!D12,Decembre!D12)
B10: 💚 Épargne réelle | E10: 📉 % Budget consommé | H10: 🔺 Mois le plus dépensé
B11: =Revenus!C18-SUM(Janvier!D12,Fevrier!D12,Mars!D12,Avril!D12,Mai!D12,Juin!D12,Juillet!D12,Aout!D12,Septembre!D12,Octobre!D12,Novembre!D12,Decembre!D12) | E11: =IFERROR(SUM(Janvier!D12,Fevrier!D12,Mars!D12,Avril!D12,Mai!D12,Juin!D12,Juillet!D12,Aout!D12,Septembre!D12,Octobre!D12,Novembre!D12,Decembre!D12)/SUM(Janvier!C12,Fevrier!C12,Mars!C12,Avril!C12,Mai!C12,Juin!C12,Juillet!C12,Aout!C12,Septembre!C12,Octobre!C12,Novembre!C12,Decembre!C12),0) | H11: =INDEX({"Jan";"Fév";"Mar";"Avr";"Mai";"Jun";"Jul";"Aoû";"Sep";"Oct";"Nov";"Déc"},MATCH(MAX(Janvier!D12,Fevrier!D12,Mars!D12,Avril!D12,Mai!D12,Juin!D12,Juillet!D12,Aout!D12,Septembre!D12,Octobre!D12,Novembre!D12,Decembre!D12),Janvier!D12:D12,0))
B13: 📈 GRAPHIQUES ANNUELS
B30: Mois | C30: Budget | D30: Dépensé
B31: Jan | C31: ='Janvier'!C12 | D31: ='Janvier'!D12
B32: Fév | C32: ='Fevrier'!C12 | D32: ='Fevrier'!D12
B33: Mar | C33: ='Mars'!C12 | D33: ='Mars'!D12
B34: Avr | C34: ='Avril'!C12 | D34: ='Avril'!D12
B35: Mai | C35: ='Mai'!C12 | D35: ='Mai'!D12
B36: Jun | C36: ='Juin'!C12 | D36: ='Juin'!D12
B37: Jul | C37: ='Juillet'!C12 | D37: ='Juillet'!D12
B38: Aoû | C38: ='Aout'!C12 | D38: ='Aout'!D12
B39: Sep | C39: ='Septembre'!C12 | D39: ='Septembre'!D12
B40: Oct | C40: ='Octobre'!C12 | D40: ='Octobre'!D12
B41: Nov | C41: ='Novembre'!C12 | D41: ='Novembre'!D12
B42: Déc | C42: ='Decembre'!C12 | D42: ='Decembre'!D12
B44: Catégorie | C44: Total
B45: 🏠 Logement | C45: ='Janvier'!D4+'Fevrier'!D4+'Mars'!D4+'Avril'!D4+'Mai'!D4+'Juin'!D4+'Juillet'!D4+'Aout'!D4+'Septembre'!D4+'Octobre'!D4+'Novembre'!D4+'Decembre'!D4
B46: 🛒 Alimentation | C46: ='Janvier'!D5+'Fevrier'!D5+'Mars'!D5+'Avril'!D5+'Mai'!D5+'Juin'!D5+'Juillet'!D5+'Aout'!D5+'Septembre'!D5+'Octobre'!D5+'Novembre'!D5+'Decembre'!D5
B47: 🚗 Transport | C47: ='Janvier'!D6+'Fevrier'!D6+'Mars'!D6+'Avril'!D6+'Mai'!D6+'Juin'!D6+'Juillet'!D6+'Aout'!D6+'Septembre'!D6+'Octobre'!D6+'Novembre'!D6+'Decembre'!D6
B48: 💊 Santé | C48: ='Janvier'!D7+'Fevrier'!D7+'Mars'!D7+'Avril'!D7+'Mai'!D7+'Juin'!D7+'Juillet'!D7+'Aout'!D7+'Septembre'!D7+'Octobre'!D7+'Novembre'!D7+'Decembre'!D7
B49: 🎮 Loisirs | C49: ='Janvier'!D8+'Fevrier'!D8+'Mars'!D8+'Avril'!D8+'Mai'!D8+'Juin'!D8+'Juillet'!D8+'Aout'!D8+'Septembre'!D8+'Octobre'!D8+'Novembre'!D8+'Decembre'!D8
B50: 📱 Abonnements | C50: ='Janvier'!D9+'Fevrier'!D9+'Mars'!D9+'Avril'!D9+'Mai'!D9+'Juin'!D9+'Juillet'!D9+'Aout'!D9+'Septembre'!D9+'Octobre'!D9+'Novembre'!D9+'Decembre'!D9
B51: 👗 Shopping | C51: ='Janvier'!D10+'Fevrier'!D10+'Mars'!D10+'Avril'!D10+'Mai'!D10+'Juin'!D10+'Juillet'!D10+'Aout'!D10+'Septembre'!D10+'Octobre'!D10+'Novembre'!D10+'Decembre'!D10
B52: 💡 Divers | C52: ='Janvier'!D11+'Fevrier'!D11+'Mars'!D11+'Avril'!D11+'Mai'!D11+'Juin'!D11+'Juillet'!D11+'Aout'!D11+'Septembre'!D11+'Octobre'!D11+'Novembre'!D11+'Decembre'!D11
