Workbook

Sheet Guide
A1: 📊 Suivi de Dépenses — Mode d'emploi
A2: Bienvenue ! Ce classeur suit vos dépenses mois par mois.
A3: 1. Onglet 'Revenus' : saisissez vos revenus et objectif d'épargne par mois.
A4: 2. Onglets mensuels (Janvier…Décembre) : entrez le montant 'Dépensé réel' par catégorie.
A5: 3. La colonne Écart et % utilisé se calculent automatiquement.
A6: 4. L'onglet 'Dashboard' affiche vos totaux annuels et graphiques — rien à remplir.
A7: Astuce : modifiez les budgets prévus selon votre situation. Les couleurs signalent les dépassements.
A8: Bon suivi ! 💚

Sheet Revenus
A1: Mois | B1: Revenus | C1: Objectif épargne
A2: Janvier | B2: 0 | C2: 0
A3: Février | B3: 0 | C3: 0
A4: Mars | B4: 0 | C4: 0
A5: Avril | B5: 0 | C5: 0
A6: Mai | B6: 0 | C6: 0
A7: Juin | B7: 0 | C7: 0
A8: Juillet | B8: 0 | C8: 0
A9: Août | B9: 0 | C9: 0
A10: Septembre | B10: 0 | C10: 0
A11: Octobre | B11: 0 | C11: 0
A12: Novembre | B12: 0 | C12: 0
A13: Décembre | B13: 0 | C13: 0
A14: TOTAL | B14: =SUM(B2:B13) | C14: =SUM(C2:C13)

Sheet Janvier
A1: Catégorie | B1: Budget prévu | C1: Dépensé réel | D1: Écart | E1: % utilisé
A2: Logement | B2: 900 | C2: 0 | D2: =B2-C2 | E2: =IF(B2=0,0,C2/B2)
A3: Alimentation | B3: 450 | C3: 0 | D3: =B3-C3 | E3: =IF(B3=0,0,C3/B3)
A4: Transport | B4: 200 | C4: 0 | D4: =B4-C4 | E4: =IF(B4=0,0,C4/B4)
A5: Santé | B5: 100 | C5: 0 | D5: =B5-C5 | E5: =IF(B5=0,0,C5/B5)
A6: Loisirs | B6: 150 | C6: 0 | D6: =B6-C6 | E6: =IF(B6=0,0,C6/B6)
A7: Abonnements | B7: 60 | C7: 0 | D7: =B7-C7 | E7: =IF(B7=0,0,C7/B7)
A8: Shopping | B8: 120 | C8: 0 | D8: =B8-C8 | E8: =IF(B8=0,0,C8/B8)
A9: Autre | B9: 80 | C9: 0 | D9: =B9-C9 | E9: =IF(B9=0,0,C9/B9)
A10: TOTAL | B10: =SUM(B2:B9) | C10: =SUM(C2:C9) | D10: =SUM(D2:D9) | E10: =IF(SUM(B2:B9)=0,0,SUM(C2:C9)/SUM(B2:B9))

Sheet Fevrier
A1: Catégorie | B1: Budget prévu | C1: Dépensé réel | D1: Écart | E1: % utilisé
A2: Logement | B2: 900 | C2: 0 | D2: =B2-C2 | E2: =IF(B2=0,0,C2/B2)
A3: Alimentation | B3: 450 | C3: 0 | D3: =B3-C3 | E3: =IF(B3=0,0,C3/B3)
A4: Transport | B4: 200 | C4: 0 | D4: =B4-C4 | E4: =IF(B4=0,0,C4/B4)
A5: Santé | B5: 100 | C5: 0 | D5: =B5-C5 | E5: =IF(B5=0,0,C5/B5)
A6: Loisirs | B6: 150 | C6: 0 | D6: =B6-C6 | E6: =IF(B6=0,0,C6/B6)
A7: Abonnements | B7: 60 | C7: 0 | D7: =B7-C7 | E7: =IF(B7=0,0,C7/B7)
A8: Shopping | B8: 120 | C8: 0 | D8: =B8-C8 | E8: =IF(B8=0,0,C8/B8)
A9: Autre | B9: 80 | C9: 0 | D9: =B9-C9 | E9: =IF(B9=0,0,C9/B9)
A10: TOTAL | B10: =SUM(B2:B9) | C10: =SUM(C2:C9) | D10: =SUM(D2:D9) | E10: =IF(SUM(B2:B9)=0,0,SUM(C2:C9)/SUM(B2:B9))

Sheet Mars
A1: Catégorie | B1: Budget prévu | C1: Dépensé réel | D1: Écart | E1: % utilisé
A2: Logement | B2: 900 | C2: 0 | D2: =B2-C2 | E2: =IF(B2=0,0,C2/B2)
A3: Alimentation | B3: 450 | C3: 0 | D3: =B3-C3 | E3: =IF(B3=0,0,C3/B3)
A4: Transport | B4: 200 | C4: 0 | D4: =B4-C4 | E4: =IF(B4=0,0,C4/B4)
A5: Santé | B5: 100 | C5: 0 | D5: =B5-C5 | E5: =IF(B5=0,0,C5/B5)
A6: Loisirs | B6: 150 | C6: 0 | D6: =B6-C6 | E6: =IF(B6=0,0,C6/B6)
A7: Abonnements | B7: 60 | C7: 0 | D7: =B7-C7 | E7: =IF(B7=0,0,C7/B7)
A8: Shopping | B8: 120 | C8: 0 | D8: =B8-C8 | E8: =IF(B8=0,0,C8/B8)
A9: Autre | B9: 80 | C9: 0 | D9: =B9-C9 | E9: =IF(B9=0,0,C9/B9)
A10: TOTAL | B10: =SUM(B2:B9) | C10: =SUM(C2:C9) | D10: =SUM(D2:D9) | E10: =IF(SUM(B2:B9)=0,0,SUM(C2:C9)/SUM(B2:B9))

Sheet Avril
A1: Catégorie | B1: Budget prévu | C1: Dépensé réel | D1: Écart | E1: % utilisé
A2: Logement | B2: 900 | C2: 0 | D2: =B2-C2 | E2: =IF(B2=0,0,C2/B2)
A3: Alimentation | B3: 450 | C3: 0 | D3: =B3-C3 | E3: =IF(B3=0,0,C3/B3)
A4: Transport | B4: 200 | C4: 0 | D4: =B4-C4 | E4: =IF(B4=0,0,C4/B4)
A5: Santé | B5: 100 | C5: 0 | D5: =B5-C5 | E5: =IF(B5=0,0,C5/B5)
A6: Loisirs | B6: 150 | C6: 0 | D6: =B6-C6 | E6: =IF(B6=0,0,C6/B6)
A7: Abonnements | B7: 60 | C7: 0 | D7: =B7-C7 | E7: =IF(B7=0,0,C7/B7)
A8: Shopping | B8: 120 | C8: 0 | D8: =B8-C8 | E8: =IF(B8=0,0,C8/B8)
A9: Autre | B9: 80 | C9: 0 | D9: =B9-C9 | E9: =IF(B9=0,0,C9/B9)
A10: TOTAL | B10: =SUM(B2:B9) | C10: =SUM(C2:C9) | D10: =SUM(D2:D9) | E10: =IF(SUM(B2:B9)=0,0,SUM(C2:C9)/SUM(B2:B9))

Sheet Mai
A1: Catégorie | B1: Budget prévu | C1: Dépensé réel | D1: Écart | E1: % utilisé
A2: Logement | B2: 900 | C2: 0 | D2: =B2-C2 | E2: =IF(B2=0,0,C2/B2)
A3: Alimentation | B3: 450 | C3: 0 | D3: =B3-C3 | E3: =IF(B3=0,0,C3/B3)
A4: Transport | B4: 200 | C4: 0 | D4: =B4-C4 | E4: =IF(B4=0,0,C4/B4)
A5: Santé | B5: 100 | C5: 0 | D5: =B5-C5 | E5: =IF(B5=0,0,C5/B5)
A6: Loisirs | B6: 150 | C6: 0 | D6: =B6-C6 | E6: =IF(B6=0,0,C6/B6)
A7: Abonnements | B7: 60 | C7: 0 | D7: =B7-C7 | E7: =IF(B7=0,0,C7/B7)
A8: Shopping | B8: 120 | C8: 0 | D8: =B8-C8 | E8: =IF(B8=0,0,C8/B8)
A9: Autre | B9: 80 | C9: 0 | D9: =B9-C9 | E9: =IF(B9=0,0,C9/B9)
A10: TOTAL | B10: =SUM(B2:B9) | C10: =SUM(C2:C9) | D10: =SUM(D2:D9) | E10: =IF(SUM(B2:B9)=0,0,SUM(C2:C9)/SUM(B2:B9))

Sheet Juin
A1: Catégorie | B1: Budget prévu | C1: Dépensé réel | D1: Écart | E1: % utilisé
A2: Logement | B2: 900 | C2: 0 | D2: =B2-C2 | E2: =IF(B2=0,0,C2/B2)
A3: Alimentation | B3: 450 | C3: 0 | D3: =B3-C3 | E3: =IF(B3=0,0,C3/B3)
A4: Transport | B4: 200 | C4: 0 | D4: =B4-C4 | E4: =IF(B4=0,0,C4/B4)
A5: Santé | B5: 100 | C5: 0 | D5: =B5-C5 | E5: =IF(B5=0,0,C5/B5)
A6: Loisirs | B6: 150 | C6: 0 | D6: =B6-C6 | E6: =IF(B6=0,0,C6/B6)
A7: Abonnements | B7: 60 | C7: 0 | D7: =B7-C7 | E7: =IF(B7=0,0,C7/B7)
A8: Shopping | B8: 120 | C8: 0 | D8: =B8-C8 | E8: =IF(B8=0,0,C8/B8)
A9: Autre | B9: 80 | C9: 0 | D9: =B9-C9 | E9: =IF(B9=0,0,C9/B9)
A10: TOTAL | B10: =SUM(B2:B9) | C10: =SUM(C2:C9) | D10: =SUM(D2:D9) | E10: =IF(SUM(B2:B9)=0,0,SUM(C2:C9)/SUM(B2:B9))

Sheet Juillet
A1: Catégorie | B1: Budget prévu | C1: Dépensé réel | D1: Écart | E1: % utilisé
A2: Logement | B2: 900 | C2: 0 | D2: =B2-C2 | E2: =IF(B2=0,0,C2/B2)
A3: Alimentation | B3: 450 | C3: 0 | D3: =B3-C3 | E3: =IF(B3=0,0,C3/B3)
A4: Transport | B4: 200 | C4: 0 | D4: =B4-C4 | E4: =IF(B4=0,0,C4/B4)
A5: Santé | B5: 100 | C5: 0 | D5: =B5-C5 | E5: =IF(B5=0,0,C5/B5)
A6: Loisirs | B6: 150 | C6: 0 | D6: =B6-C6 | E6: =IF(B6=0,0,C6/B6)
A7: Abonnements | B7: 60 | C7: 0 | D7: =B7-C7 | E7: =IF(B7=0,0,C7/B7)
A8: Shopping | B8: 120 | C8: 0 | D8: =B8-C8 | E8: =IF(B8=0,0,C8/B8)
A9: Autre | B9: 80 | C9: 0 | D9: =B9-C9 | E9: =IF(B9=0,0,C9/B9)
A10: TOTAL | B10: =SUM(B2:B9) | C10: =SUM(C2:C9) | D10: =SUM(D2:D9) | E10: =IF(SUM(B2:B9)=0,0,SUM(C2:C9)/SUM(B2:B9))

Sheet Aout
A1: Catégorie | B1: Budget prévu | C1: Dépensé réel | D1: Écart | E1: % utilisé
A2: Logement | B2: 900 | C2: 0 | D2: =B2-C2 | E2: =IF(B2=0,0,C2/B2)
A3: Alimentation | B3: 450 | C3: 0 | D3: =B3-C3 | E3: =IF(B3=0,0,C3/B3)
A4: Transport | B4: 200 | C4: 0 | D4: =B4-C4 | E4: =IF(B4=0,0,C4/B4)
A5: Santé | B5: 100 | C5: 0 | D5: =B5-C5 | E5: =IF(B5=0,0,C5/B5)
A6: Loisirs | B6: 150 | C6: 0 | D6: =B6-C6 | E6: =IF(B6=0,0,C6/B6)
A7: Abonnements | B7: 60 | C7: 0 | D7: =B7-C7 | E7: =IF(B7=0,0,C7/B7)
A8: Shopping | B8: 120 | C8: 0 | D8: =B8-C8 | E8: =IF(B8=0,0,C8/B8)
A9: Autre | B9: 80 | C9: 0 | D9: =B9-C9 | E9: =IF(B9=0,0,C9/B9)
A10: TOTAL | B10: =SUM(B2:B9) | C10: =SUM(C2:C9) | D10: =SUM(D2:D9) | E10: =IF(SUM(B2:B9)=0,0,SUM(C2:C9)/SUM(B2:B9))

Sheet Septembre
A1: Catégorie | B1: Budget prévu | C1: Dépensé réel | D1: Écart | E1: % utilisé
A2: Logement | B2: 900 | C2: 0 | D2: =B2-C2 | E2: =IF(B2=0,0,C2/B2)
A3: Alimentation | B3: 450 | C3: 0 | D3: =B3-C3 | E3: =IF(B3=0,0,C3/B3)
A4: Transport | B4: 200 | C4: 0 | D4: =B4-C4 | E4: =IF(B4=0,0,C4/B4)
A5: Santé | B5: 100 | C5: 0 | D5: =B5-C5 | E5: =IF(B5=0,0,C5/B5)
A6: Loisirs | B6: 150 | C6: 0 | D6: =B6-C6 | E6: =IF(B6=0,0,C6/B6)
A7: Abonnements | B7: 60 | C7: 0 | D7: =B7-C7 | E7: =IF(B7=0,0,C7/B7)
A8: Shopping | B8: 120 | C8: 0 | D8: =B8-C8 | E8: =IF(B8=0,0,C8/B8)
A9: Autre | B9: 80 | C9: 0 | D9: =B9-C9 | E9: =IF(B9=0,0,C9/B9)
A10: TOTAL | B10: =SUM(B2:B9) | C10: =SUM(C2:C9) | D10: =SUM(D2:D9) | E10: =IF(SUM(B2:B9)=0,0,SUM(C2:C9)/SUM(B2:B9))

Sheet Octobre
A1: Catégorie | B1: Budget prévu | C1: Dépensé réel | D1: Écart | E1: % utilisé
A2: Logement | B2: 900 | C2: 0 | D2: =B2-C2 | E2: =IF(B2=0,0,C2/B2)
A3: Alimentation | B3: 450 | C3: 0 | D3: =B3-C3 | E3: =IF(B3=0,0,C3/B3)
A4: Transport | B4: 200 | C4: 0 | D4: =B4-C4 | E4: =IF(B4=0,0,C4/B4)
A5: Santé | B5: 100 | C5: 0 | D5: =B5-C5 | E5: =IF(B5=0,0,C5/B5)
A6: Loisirs | B6: 150 | C6: 0 | D6: =B6-C6 | E6: =IF(B6=0,0,C6/B6)
A7: Abonnements | B7: 60 | C7: 0 | D7: =B7-C7 | E7: =IF(B7=0,0,C7/B7)
A8: Shopping | B8: 120 | C8: 0 | D8: =B8-C8 | E8: =IF(B8=0,0,C8/B8)
A9: Autre | B9: 80 | C9: 0 | D9: =B9-C9 | E9: =IF(B9=0,0,C9/B9)
A10: TOTAL | B10: =SUM(B2:B9) | C10: =SUM(C2:C9) | D10: =SUM(D2:D9) | E10: =IF(SUM(B2:B9)=0,0,SUM(C2:C9)/SUM(B2:B9))

Sheet Novembre
A1: Catégorie | B1: Budget prévu | C1: Dépensé réel | D1: Écart | E1: % utilisé
A2: Logement | B2: 900 | C2: 0 | D2: =B2-C2 | E2: =IF(B2=0,0,C2/B2)
A3: Alimentation | B3: 450 | C3: 0 | D3: =B3-C3 | E3: =IF(B3=0,0,C3/B3)
A4: Transport | B4: 200 | C4: 0 | D4: =B4-C4 | E4: =IF(B4=0,0,C4/B4)
A5: Santé | B5: 100 | C5: 0 | D5: =B5-C5 | E5: =IF(B5=0,0,C5/B5)
A6: Loisirs | B6: 150 | C6: 0 | D6: =B6-C6 | E6: =IF(B6=0,0,C6/B6)
A7: Abonnements | B7: 60 | C7: 0 | D7: =B7-C7 | E7: =IF(B7=0,0,C7/B7)
A8: Shopping | B8: 120 | C8: 0 | D8: =B8-C8 | E8: =IF(B8=0,0,C8/B8)
A9: Autre | B9: 80 | C9: 0 | D9: =B9-C9 | E9: =IF(B9=0,0,C9/B9)
A10: TOTAL | B10: =SUM(B2:B9) | C10: =SUM(C2:C9) | D10: =SUM(D2:D9) | E10: =IF(SUM(B2:B9)=0,0,SUM(C2:C9)/SUM(B2:B9))

Sheet Decembre
A1: Catégorie | B1: Budget prévu | C1: Dépensé réel | D1: Écart | E1: % utilisé
A2: Logement | B2: 900 | C2: 0 | D2: =B2-C2 | E2: =IF(B2=0,0,C2/B2)
A3: Alimentation | B3: 450 | C3: 0 | D3: =B3-C3 | E3: =IF(B3=0,0,C3/B3)
A4: Transport | B4: 200 | C4: 0 | D4: =B4-C4 | E4: =IF(B4=0,0,C4/B4)
A5: Santé | B5: 100 | C5: 0 | D5: =B5-C5 | E5: =IF(B5=0,0,C5/B5)
A6: Loisirs | B6: 150 | C6: 0 | D6: =B6-C6 | E6: =IF(B6=0,0,C6/B6)
A7: Abonnements | B7: 60 | C7: 0 | D7: =B7-C7 | E7: =IF(B7=0,0,C7/B7)
A8: Shopping | B8: 120 | C8: 0 | D8: =B8-C8 | E8: =IF(B8=0,0,C8/B8)
A9: Autre | B9: 80 | C9: 0 | D9: =B9-C9 | E9: =IF(B9=0,0,C9/B9)
A10: TOTAL | B10: =SUM(B2:B9) | C10: =SUM(C2:C9) | D10: =SUM(D2:D9) | E10: =IF(SUM(B2:B9)=0,0,SUM(C2:C9)/SUM(B2:B9))

Sheet Resume_Mensuel
A1: Mois | B1: Budget | C1: Dépensé
A2: Janvier | B2: ='Janvier'!B10 | C2: ='Janvier'!C10
A3: Février | B3: ='Fevrier'!B10 | C3: ='Fevrier'!C10
A4: Mars | B4: ='Mars'!B10 | C4: ='Mars'!C10
A5: Avril | B5: ='Avril'!B10 | C5: ='Avril'!C10
A6: Mai | B6: ='Mai'!B10 | C6: ='Mai'!C10
A7: Juin | B7: ='Juin'!B10 | C7: ='Juin'!C10
A8: Juillet | B8: ='Juillet'!B10 | C8: ='Juillet'!C10
A9: Août | B9: ='Aout'!B10 | C9: ='Aout'!C10
A10: Septembre | B10: ='Septembre'!B10 | C10: ='Septembre'!C10
A11: Octobre | B11: ='Octobre'!B10 | C11: ='Octobre'!C10
A12: Novembre | B12: ='Novembre'!B10 | C12: ='Novembre'!C10
A13: Décembre | B13: ='Decembre'!B10 | C13: ='Decembre'!C10
A14: TOTAL | B14: =SUM(B2:B13) | C14: =SUM(C2:C13)

Sheet Resume_Cat
A1: Catégorie | B1: Total annuel
A2: Logement | B2: ='Janvier'!C2+'Fevrier'!C2+'Mars'!C2+'Avril'!C2+'Mai'!C2+'Juin'!C2+'Juillet'!C2+'Aout'!C2+'Septembre'!C2+'Octobre'!C2+'Novembre'!C2+'Decembre'!C2
A3: Alimentation | B3: ='Janvier'!C3+'Fevrier'!C3+'Mars'!C3+'Avril'!C3+'Mai'!C3+'Juin'!C3+'Juillet'!C3+'Aout'!C3+'Septembre'!C3+'Octobre'!C3+'Novembre'!C3+'Decembre'!C3
A4: Transport | B4: ='Janvier'!C4+'Fevrier'!C4+'Mars'!C4+'Avril'!C4+'Mai'!C4+'Juin'!C4+'Juillet'!C4+'Aout'!C4+'Septembre'!C4+'Octobre'!C4+'Novembre'!C4+'Decembre'!C4
A5: Santé | B5: ='Janvier'!C5+'Fevrier'!C5+'Mars'!C5+'Avril'!C5+'Mai'!C5+'Juin'!C5+'Juillet'!C5+'Aout'!C5+'Septembre'!C5+'Octobre'!C5+'Novembre'!C5+'Decembre'!C5
A6: Loisirs | B6: ='Janvier'!C6+'Fevrier'!C6+'Mars'!C6+'Avril'!C6+'Mai'!C6+'Juin'!C6+'Juillet'!C6+'Aout'!C6+'Septembre'!C6+'Octobre'!C6+'Novembre'!C6+'Decembre'!C6
A7: Abonnements | B7: ='Janvier'!C7+'Fevrier'!C7+'Mars'!C7+'Avril'!C7+'Mai'!C7+'Juin'!C7+'Juillet'!C7+'Aout'!C7+'Septembre'!C7+'Octobre'!C7+'Novembre'!C7+'Decembre'!C7
A8: Shopping | B8: ='Janvier'!C8+'Fevrier'!C8+'Mars'!C8+'Avril'!C8+'Mai'!C8+'Juin'!C8+'Juillet'!C8+'Aout'!C8+'Septembre'!C8+'Octobre'!C8+'Novembre'!C8+'Decembre'!C8
A9: Autre | B9: ='Janvier'!C9+'Fevrier'!C9+'Mars'!C9+'Avril'!C9+'Mai'!C9+'Juin'!C9+'Juillet'!C9+'Aout'!C9+'Septembre'!C9+'Octobre'!C9+'Novembre'!C9+'Decembre'!C9
A10: TOTAL | B10: =SUM(B2:B9)

Sheet Dashboard
B2: 💰 SUIVI DE DÉPENSES — VUE ANNUELLE
B4: Revenus annuels | E4: Budget annuel
B5: =Revenus!B14 | E5: =Resume_Mensuel!B14
B7: Total dépensé | E7: Épargne réelle
B8: =Resume_Mensuel!C14 | E8: =Revenus!B14-Resume_Mensuel!C14
B10: GRAPHIQUES
